{
"Types" :[ 
{
  "MetadataType" : "ScalarTypeDef",
  "NameSpace" : "system",
  "Name" : "char",
  "TypeTypeName" : "tScalar",
  "TypeNameSpace" : "System",
  "TypeName" : "Char",
  "PhysicalName" : "Char",
  "Version" : 100,
  "JarName" : "basetypes_2.10-0.1.0.jar",
  "DependencyJars" : [ "metadata_2.10-1.0.jar" ],
  "Implementation" : "com.ligadata.BaseTypes.CharImpl"
},
{
  "MetadataType" : "ScalarTypeDef",
  "NameSpace" : "system",
  "Name" : "int",
  "TypeTypeName" : "tScalar",
  "TypeNameSpace" : "System",
  "TypeName" : "Int",
  "PhysicalName" : "Int",
  "Version" : 100,
  "JarName" : "basetypes_2.10-0.1.0.jar",
  "DependencyJars" : [ "metadata_2.10-1.0.jar" ],
  "Implementation" : "com.ligadata.BaseTypes.IntImpl"
},
{
  "MetadataType" : "ScalarTypeDef",
  "NameSpace" : "system",
  "Name" : "double",
  "TypeTypeName" : "tScalar",
  "TypeNameSpace" : "System",
  "TypeName" : "Double",
  "PhysicalName" : "Double",
  "Version" : 100,
  "JarName" : "basetypes_2.10-0.1.0.jar",
  "DependencyJars" : [ "metadata_2.10-1.0.jar" ],
  "Implementation" : "com.ligadata.BaseTypes.DoubleImpl"
},
{
  "MetadataType" : "ScalarTypeDef",
  "NameSpace" : "system",
  "Name" : "string",
  "TypeTypeName" : "tScalar",
  "TypeNameSpace" : "System",
  "TypeName" : "String",
  "PhysicalName" : "String",
  "Version" : 100,
  "JarName" : "basetypes_2.10-0.1.0.jar",
  "DependencyJars" : [ "metadata_2.10-1.0.jar" ],
  "Implementation" : "com.ligadata.BaseTypes.StringImpl"
},
{
  "MetadataType" : "ScalarTypeDef",
  "NameSpace" : "system",
  "Name" : "any",
  "TypeTypeName" : "tScalar",
  "TypeNameSpace" : "System",
  "TypeName" : "Any",
  "PhysicalName" : "Any",
  "Version" : 100,
  "JarName" : "basetypes_2.10-0.1.0.jar",
  "DependencyJars" : [ "metadata_2.10-1.0.jar" ],
  "Implementation" : "com.ligadata.BaseTypes.AnyImpl"
},
{
  "MetadataType" : "ScalarTypeDef",
  "NameSpace" : "system",
  "Name" : "bool",
  "TypeTypeName" : "tScalar",
  "TypeNameSpace" : "System",
  "TypeName" : "Boolean",
  "PhysicalName" : "Boolean",
  "Version" : 100,
  "JarName" : "basetypes_2.10-0.1.0.jar",
  "DependencyJars" : [ "metadata_2.10-1.0.jar" ],
  "Implementation" : "com.ligadata.BaseTypes.BoolImpl"
},
{
  "MetadataType" : "ScalarTypeDef",
  "NameSpace" : "system",
  "Name" : "float",
  "TypeTypeName" : "tScalar",
  "TypeNameSpace" : "System",
  "TypeName" : "Float",
  "PhysicalName" : "Float",
  "Version" : 100,
  "JarName" : "basetypes_2.10-0.1.0.jar",
  "DependencyJars" : [ "metadata_2.10-1.0.jar" ],
  "Implementation" : "com.ligadata.BaseTypes.FloatImpl"
},
{
  "MetadataType" : "ScalarTypeDef",
  "NameSpace" : "system",
  "Name" : "long",
  "TypeTypeName" : "tScalar",
  "TypeNameSpace" : "System",
  "TypeName" : "Long",
  "PhysicalName" : "Long",
  "Version" : 100,
  "JarName" : "basetypes_2.10-0.1.0.jar",
  "DependencyJars" : [ "metadata_2.10-1.0.jar" ],
  "Implementation" : "com.ligadata.BaseTypes.LongImpl"
},
{
  "MetadataType" : "ScalarTypeDef",
  "NameSpace" : "system",
  "Name" : "integer",
  "TypeTypeName" : "tScalar",
  "TypeNameSpace" : "System",
  "TypeName" : "Int",
  "PhysicalName" : "Int",
  "Version" : 100,
  "JarName" : "basetypes_2.10-0.1.0.jar",
  "DependencyJars" : [ "metadata_2.10-1.0.jar" ],
  "Implementation" : "com.ligadata.BaseTypes.IntImpl"
},
{
  "MetadataType" : "ScalarTypeDef",
  "NameSpace" : "system",
  "Name" : "boolean",
  "TypeTypeName" : "tScalar",
  "TypeNameSpace" : "System",
  "TypeName" : "Boolean",
  "PhysicalName" : "Boolean",
  "Version" : 100,
  "JarName" : "basetypes_2.10-0.1.0.jar",
  "DependencyJars" : [ "metadata_2.10-1.0.jar" ],
  "Implementation" : "com.ligadata.BaseTypes.BoolImpl"
} ]

}
